<?xml version="1.0"?>
<!DOCTYPE hibernate-mapping PUBLIC
	"-//Hibernate/Hibernate Mapping DTD 3.0//EN"
	"http://hibernate.sourceforge.net/hibernate-mapping-3.0.dtd">
<hibernate-mapping>
      <class name="metier.Personne" table="personne">
      	<id name="id" column="id"> <generator class="increment"/> </id>
			<property name="nom" column="Nom" /> 
			<property name="prenom" column="Prenom"/>
			<property name="dateNais" column="DateNais"/>  
			<component name="adresse" class="metier.Adresse">
				<property name="ligne1" column="ligne1_adr"/> 
				<property name="ligne2" column="ligne2_adr"/>
				<property name="cp" column="cp_adr" /> 
				<property name="ville" column="ville_adr" />
				<property name="ligne3" column="ligne3_adr"/>  
			</component>   
      </class>
</hibernate-mapping>




