<?xml version="1.0"?>
<!DOCTYPE hibernate-mapping PUBLIC
	"-//Hibernate/Hibernate Mapping DTD 3.0//EN"
	"http://hibernate.sourceforge.net/hibernate-mapping-3.0.dtd">
<hibernate-mapping>
      <class name="metier.Personne2" table="personne2">
      	<id name="id" column="id"> <generator class="increment"/> </id>
			<property name="nom" column="Nom" /> 
			<property name="prenom" column="Prenom"/>
			<property name="dateNais" column="DateNais"/>  
			<one-to-one name="adresse" class="metier.Adresse2" cascade="save-update"/> 
      </class>
</hibernate-mapping>






