<?xml version="1.0" encoding="UTF-8"?>
<!DOCTYPE hibernate-configuration PUBLIC
        "-//Hibernate/Hibernate Configuration DTD 3.0//EN"
        "http://hibernate.sourceforge.net/hibernate-configuration-3.0.dtd">
        
<hibernate-configuration>
    <session-factory>
        <!-- Database connection settings -->
        <property name="connection.driver_class">com.mysql.jdbc.Driver</property>
        <property name="connection.url">jdbc:mysql://localhost:3306/bdOneToOne</property>
        <property name="connection.username">root</property>
        <property name="connection.password"></property>
  
        <!-- JDBC connection pool (use the built-in) -->
        <property name="connection.pool_size">1</property>
        
        <!-- SQL dialect -->
        <property name="dialect">org.hibernate.dialect.MySQLDialect</property>
        <property name="hibernate.ejb.cfgfile"> /org/hibernate/ejb/test/hibernate.cfg.xml</property>
        <!-- Enable Hibernate's automatic session context management -->
        <property name="current_session_context_class">thread</property>
        
        <!-- Disable the second-level cache  -->
        <property name="cache.provider_class">org.hibernate.cache.NoCacheProvider</property>
        
        <!-- Echo all executed SQL to stdout -->
        <property name="show_sql">true</property>
        
        <!-- Update the database schema on startup -->
        
        <property name="hbm2ddl.auto">create </property>
         
        <!-- mapping resource one-to-one : une table  
        <mapping resource="metier/Personne.hbm.xml"/> -->   
         
         
         
        <!-- mapping resource one-to-one :clé primaire partagée 
        <mapping resource="metier/Personne2.hbm.xml"/>
        <mapping resource="metier/Adresse2.hbm.xml"/>  -->
        
        <!-- mapping resource clé etrangere -->
        <mapping resource="metier/Personne3.hbm.xml"/>
        <mapping resource="metier/Adresse3.hbm.xml" />  
        
             
    </session-factory>
</hibernate-configuration>